gfx,cu_num,token,model_dim,inter_dim,expert,topk,act_type,dtype,q_dtype_a,q_dtype_w,q_type,use_g1u1,doweight_stage1,block_m,ksplit,us1,kernelName1,err1,us2,kernelName2,err2,us,run_1stage,xbf16,flat,tflops,bw
gfx950,256,1,5120,640,384,6,ActivationType.Silu,torch.bfloat16,torch.float8_e4m3fn,torch.float4_e2m1fn_x2,QuantType.per_1x32,1,0,32,0,10.8887,flydsl_moe1_afp8_wfp4_bf16_t32x64x256_w3_gui_kw4_fp8,0.0%,8.3527,flydsl_moe2_layout_afp8_wfp4_bf16_t32x128x128_atomic_nt_sbm32,0.0%,19.2414,0,0,0,6.13,196185.77
gfx950,256,2,5120,640,384,6,ActivationType.Silu,torch.bfloat16,torch.float8_e4m3fn,torch.float4_e2m1fn_x2,QuantType.per_1x32,1,0,32,0,12.0303,flydsl_moe1_afp8_wfp4_bf16_t32x64x256_w3_gui_kw4_fp8,0.0%,8.9343,flydsl_moe2_layout_afp8_wfp4_bf16_t32x128x128_atomic_nt_sbm32,0.0%,20.9646,0,0,0,11.25,180060.88
gfx950,256,4,5120,640,384,6,ActivationType.Silu,torch.bfloat16,torch.float8_e4m3fn,torch.float4_e2m1fn_x2,QuantType.per_1x32,1,0,32,0,17.3882,flydsl_moe1_afp8_wfp4_bf16_t32x64x256_w3_gui_kw2_fp8,0.0%,13.8757,flydsl_moe2_layout_afp8_wfp4_bf16_t32x256x128_reduce_nt_sbm32,0.0%,31.2639,0,0,0,15.09,120744.21
gfx950,256,8,5120,640,384,6,ActivationType.Silu,torch.bfloat16,torch.float8_e4m3fn,torch.float4_e2m1fn_x2,QuantType.per_1x32,1,0,32,0,29.179,flydsl_moe1_afp8_wfp4_bf16_t32x128x256_w3_gui_fp8,0.0%,21.2826,flydsl_moe2_layout_afp8_wfp4_bf16_t32x256x128_reduce_nt_sbm32,0.0%,50.4616,0,0,0,18.7,74809.29
gfx950,256,16,5120,640,384,6,ActivationType.Silu,torch.bfloat16,torch.float8_e4m3fn,torch.float4_e2m1fn_x2,QuantType.per_1x32,1,0,32,0,55.8413,flydsl_moe1_afp8_wfp4_bf16_t32x128x256_w2_gui_fp8,0.0%,33.6164,flydsl_moe2_layout_afp8_wfp4_bf16_t32x128x128_atomic_nt_sbm32,0.0%,89.4577,0,0,0,21.1,42200.05
gfx950,256,32,5120,640,384,6,ActivationType.Silu,torch.bfloat16,torch.float8_e4m3fn,torch.float4_e2m1fn_x2,QuantType.per_1x32,1,0,32,0,104.363,flydsl_moe1_afp8_wfp4_bf16_t32x128x256_w4_gui_xcd4_fp8,0.0%,58.5955,flydsl_moe2_layout_afp8_wfp4_bf16_t32x256x128_atomic_nt_sbm32,0.0%,162.9585,0,0,0,23.16,23167.65
gfx950,256,64,5120,640,384,6,ActivationType.Silu,torch.bfloat16,torch.float8_e4m3fn,torch.float4_e2m1fn_x2,QuantType.per_1x32,1,0,32,0,197.6244,flydsl_moe1_afp8_wfp4_bf16_t32x128x256_w4_gui_xcd4_fp8,0.0%,107.3788,flydsl_moe2_layout_afp8_wfp4_bf16_t32x256x128_atomic_nt_sbm32,0.0%,305.0032,0,0,0,24.75,12379.73
gfx950,256,128,5120,640,384,6,ActivationType.Silu,torch.bfloat16,torch.float8_e4m3fn,torch.float4_e2m1fn_x2,QuantType.per_1x32,1,0,32,0,200.0111,flydsl_moe1_afp8_wfp4_bf16_t32x128x256_w3_gui_fp8,0.0%,112.4804,flydsl_moe2_layout_afp8_wfp4_bf16_t32x128x128_atomic_nt_sbm32,0.0%,312.4915,0,0,0,48.32,12086.22
gfx950,256,256,5120,640,384,6,ActivationType.Silu,torch.bfloat16,torch.float8_e4m3fn,torch.float4_e2m1fn_x2,QuantType.per_1x32,1,0,32,0,201.0307,flydsl_moe1_afp8_wfp4_bf16_t32x128x256_w4_gui_fp8,0.0%,113.2257,flydsl_moe2_layout_afp8_wfp4_bf16_t32x256x128_atomic_nt_sbm32,0.0%,314.2564,0,0,0,96.1,12024.59
gfx950,256,512,5120,640,384,6,ActivationType.Silu,torch.bfloat16,torch.float8_e4m3fn,torch.float4_e2m1fn_x2,QuantType.per_1x32,1,0,32,0,202.5946,flydsl_moe1_afp8_wfp4_bf16_t32x128x256_w4_gui_fp8,0.0%,120.4295,flydsl_moe2_layout_afp8_wfp4_bf16_t32x256x128_atomic_nt_sbm32,0.0%,323.0241,0,0,0,186.98,11710.39
gfx950,256,1024,5120,640,384,6,ActivationType.Silu,torch.bfloat16,torch.float8_e4m3fn,torch.float4_e2m1fn_x2,QuantType.per_1x32,1,0,32,0,205.8825,flydsl_moe1_afp8_wfp4_bf16_t32x128x256_w4_gui_fp8,0.0%,128.5314,flydsl_moe2_layout_afp8_wfp4_bf16_t32x256x128_atomic_nt_sbm32,0.0%,334.4139,0,0,0,361.22,11335.06
gfx950,256,2048,5120,640,384,6,ActivationType.Silu,torch.bfloat16,torch.float8_e4m3fn,torch.float4_e2m1fn_x2,QuantType.per_1x32,1,0,32,0,218.7487,flydsl_moe1_afp8_wfp4_bf16_t32x128x256_w3_gui_fp8,0.0%,139.3413,flydsl_moe2_layout_afp8_wfp4_bf16_t32x128x128_atomic_nt_sbm32,0.0%,358.09,0,0,0,674.67,10629.54
gfx950,256,4096,5120,640,384,6,ActivationType.Silu,torch.bfloat16,torch.float8_e4m3fn,torch.float4_e2m1fn_x2,QuantType.per_1x32,1,0,64,0,248.7617,flydsl_moe1_afp8_wfp4_bf16_t64x256x256_w3_gui_fp8,0.0%,209.3959,flydsl_moe2_layout_afp8_wfp4_bf16_t64x256x128_reduce_nt_sbm64,0.0%,458.1576,0,0,0,1054.62,8376.57
gfx950,256,8192,5120,640,384,6,ActivationType.Silu,torch.bfloat16,torch.float8_e4m3fn,torch.float4_e2m1fn_x2,QuantType.per_1x32,1,0,128,0,387.7818,flydsl_moe1_afp8_wfp4_bf16_t128x128x256_w2_gui_fp8,0.0%,385.8873,flydsl_moe2_layout_afp8_wfp4_bf16_t64x256x128_reduce_sbm128,0.0%,773.6691,0,0,0,1249.07,5041.82
gfx950,256,16384,5120,640,384,6,ActivationType.Silu,torch.bfloat16,torch.float8_e4m3fn,torch.float4_e2m1fn_x2,QuantType.per_1x32,1,0,128,0,706.8603,flydsl_moe1_afp8_wfp4_bf16_t128x128x256_w4_bnt0_gui_fp8,0.0%,712.3116,flydsl_moe2_layout_afp8_wfp4_bf16_t64x256x128_reduce_sbm128,0.0%,1419.1719,0,0,0,1361.88,2837.24
gfx950,256,32768,5120,640,384,6,ActivationType.Silu,torch.bfloat16,torch.float8_e4m3fn,torch.float4_e2m1fn_x2,QuantType.per_1x32,1,0,64,0,1319.3646,flydsl_moe1_afp8_wfp4_bf16_t64x128x256_w3_bnt0_gui_xcd4_fp8,0.0%,1421.7922,flydsl_moe2_layout_afp8_wfp4_bf16_t64x256x128_reduce_sbm64,0.0%,2741.1568,0,0,0,1410.16,1560.72
gfx950,256,1,5120,640,384,7,ActivationType.Silu,torch.bfloat16,torch.float8_e4m3fn,torch.float4_e2m1fn_x2,QuantType.per_1x32,1,0,32,0,10.755,flydsl_moe1_afp8_wfp4_bf16_t32x64x256_w3_bnt0_gui_kw4_fp8,0.0%,8.0056,flydsl_moe2_layout_afp8_wfp4_bf16_t32x256x128_atomic_nt_sbm32,0.0%,18.7606,0,0,0,7.34,201213.66
gfx950,256,2,5120,640,384,7,ActivationType.Silu,torch.bfloat16,torch.float8_e4m3fn,torch.float4_e2m1fn_x2,QuantType.per_1x32,1,0,32,0,13.9399,flydsl_moe1_afp8_wfp4_bf16_t32x64x256_w3_gui_kw2_fp8,0.0%,11.4685,flydsl_moe2_layout_afp8_wfp4_bf16_t32x128x128_reduce_nt_sbm32,0.0%,25.4084,0,0,0,10.83,148569.15
gfx950,256,4,5120,640,384,7,ActivationType.Silu,torch.bfloat16,torch.float8_e4m3fn,torch.float4_e2m1fn_x2,QuantType.per_1x32,1,0,32,0,20.5299,flydsl_moe1_afp8_wfp4_bf16_t32x64x256_w3_gui_fp8,0.0%,15.2348,flydsl_moe2_layout_afp8_wfp4_bf16_t32x128x128_reduce_sbm32,0.0%,35.7647,0,0,0,15.39,105549.19
gfx950,256,8,5120,640,384,7,ActivationType.Silu,torch.bfloat16,torch.float8_e4m3fn,torch.float4_e2m1fn_x2,QuantType.per_1x32,1,0,32,0,36.2069,flydsl_moe1_afp8_wfp4_bf16_t32x64x256_w4_gui_kw2_fp8,0.0%,22.8182,flydsl_moe2_layout_afp8_wfp4_bf16_t32x128x128_reduce_sbm32,0.0%,59.0251,0,0,0,18.65,63955.78
gfx950,256,16,5120,640,384,7,ActivationType.Silu,torch.bfloat16,torch.float8_e4m3fn,torch.float4_e2m1fn_x2,QuantType.per_1x32,1,0,32,0,63.1437,flydsl_moe1_afp8_wfp4_bf16_t32x128x256_w4_gui_fp8,0.0%,37.6964,flydsl_moe2_layout_afp8_wfp4_bf16_t32x256x128_reduce_nt_sbm32,0.0%,100.8401,0,0,0,21.84,37436.69
gfx950,256,32,5120,640,384,7,ActivationType.Silu,torch.bfloat16,torch.float8_e4m3fn,torch.float4_e2m1fn_x2,QuantType.per_1x32,1,0,32,0,120.3168,flydsl_moe1_afp8_wfp4_bf16_t32x128x256_w4_gui_fp8,0.0%,67.5444,flydsl_moe2_layout_afp8_wfp4_bf16_t32x256x128_reduce_nt_sbm32,0.0%,187.8612,0,0,0,23.44,20096.57
gfx950,256,64,5120,640,384,7,ActivationType.Silu,torch.bfloat16,torch.float8_e4m3fn,torch.float4_e2m1fn_x2,QuantType.per_1x32,1,0,32,0,201.1784,flydsl_moe1_afp8_wfp4_bf16_t32x128x256_w4_gui_fp8,0.0%,110.1549,flydsl_moe2_layout_afp8_wfp4_bf16_t32x128x128_atomic_nt_sbm32,0.0%,311.3333,0,0,0,28.29,12128.02
gfx950,256,128,5120,640,384,7,ActivationType.Silu,torch.bfloat16,torch.float8_e4m3fn,torch.float4_e2m1fn_x2,QuantType.per_1x32,1,0,32,0,200.8759,flydsl_moe1_afp8_wfp4_bf16_t32x128x256_w4_gui_fp8,0.0%,112.7977,flydsl_moe2_layout_afp8_wfp4_bf16_t32x256x128_atomic_nt_sbm32,0.0%,313.6736,0,0,0,56.16,12040.67
gfx950,256,256,5120,640,384,7,ActivationType.Silu,torch.bfloat16,torch.float8_e4m3fn,torch.float4_e2m1fn_x2,QuantType.per_1x32,1,0,32,0,201.6866,flydsl_moe1_afp8_wfp4_bf16_t32x128x256_w4_gui_fp8,0.0%,113.576,flydsl_moe2_layout_afp8_wfp4_bf16_t32x128x128_atomic_nt_sbm32,0.0%,315.2626,0,0,0,111.75,11986.22
gfx950,256,512,5120,640,384,7,ActivationType.Silu,torch.bfloat16,torch.float8_e4m3fn,torch.float4_e2m1fn_x2,QuantType.per_1x32,1,0,32,0,202.7609,flydsl_moe1_afp8_wfp4_bf16_t32x128x256_w4_gui_fp8,0.0%,115.0941,flydsl_moe2_layout_afp8_wfp4_bf16_t32x256x128_reduce_nt_sbm32,0.0%,317.855,0,0,0,221.69,11900.83
gfx950,256,1024,5120,640,384,7,ActivationType.Silu,torch.bfloat16,torch.float8_e4m3fn,torch.float4_e2m1fn_x2,QuantType.per_1x32,1,0,32,0,208.4707,flydsl_moe1_afp8_wfp4_bf16_t32x128x256_w4_gui_fp8,0.0%,133.7724,flydsl_moe2_layout_afp8_wfp4_bf16_t32x256x128_atomic_nt_sbm32,0.0%,342.2431,0,0,0,411.78,11075.76
gfx950,256,2048,5120,640,384,7,ActivationType.Silu,torch.bfloat16,torch.float8_e4m3fn,torch.float4_e2m1fn_x2,QuantType.per_1x32,1,0,64,0,230.2037,flydsl_moe1_afp8_wfp4_bf16_t64x128x256_w2_gui_fp8,0.0%,170.2093,flydsl_moe2_layout_afp8_wfp4_bf16_t64x128x128_atomic_sbm64,0.0%,400.413,0,0,0,703.92,9506.01
gfx950,256,4096,5120,640,384,7,ActivationType.Silu,torch.bfloat16,torch.float8_e4m3fn,torch.float4_e2m1fn_x2,QuantType.per_1x32,1,0,128,0,346.624,flydsl_moe1_afp8_wfp4_bf16_t128x128x256_w4_gui_fp8,0.0%,294.0719,flydsl_moe2_layout_afp8_wfp4_bf16_t128x256x128_atomic_nt_sbm128,0.0%,640.6959,0,0,0,879.85,5990.03
gfx950,256,8192,5120,640,384,7,ActivationType.Silu,torch.bfloat16,torch.float8_e4m3fn,torch.float4_e2m1fn_x2,QuantType.per_1x32,1,0,64,0,554.0785,flydsl_moe1_afp8_wfp4_bf16_t64x256x256_w3_bnt0_gui_xcd4_fp8,0.0%,468.0551,flydsl_moe2_layout_afp8_wfp4_bf16_t64x256x128_atomic_sbm64,0.0%,1022.1336,0,0,0,1103.02,3816.24
gfx950,256,16384,5120,640,384,7,ActivationType.Silu,torch.bfloat16,torch.float8_e4m3fn,torch.float4_e2m1fn_x2,QuantType.per_1x32,1,0,64,0,904.3847,flydsl_moe1_afp8_wfp4_bf16_t64x128x256_w2_bnt0_gui_xcd4_fp8,0.0%,867.8316,flydsl_moe2_layout_afp8_wfp4_bf16_t64x256x128_reduce_sbm64,0.0%,1772.2163,0,0,0,1272.34,2272.03
gfx950,256,32768,5120,640,384,7,ActivationType.Silu,torch.bfloat16,torch.float8_e4m3fn,torch.float4_e2m1fn_x2,QuantType.per_1x32,1,0,64,0,1542.9436,flydsl_moe1_afp8_wfp4_bf16_t64x256x256_w2_bnt0_gui_xcd4_fp8,0.0%,1638.7006,flydsl_moe2_layout_afp8_wfp4_bf16_t64x256x128_reduce_sbm64,0.0%,3181.6442,0,0,0,1417.42,1344.65
