gfx,cu_num,M,N,K,bias,dtype,outdtype,scaleAB,bpreshuffle,libtype,solidx,splitK,us,kernelName,err_ratio,tflops,bw
gfx950,256,1,32,5120,False,torch.bfloat16,torch.bfloat16,False,False,skinny,2,0,3.8406,sol2,0.0,0.09,88.0
gfx950,256,2,32,5120,False,torch.bfloat16,torch.bfloat16,False,False,flydsl,196,8,4.1503,flydsl_hgemm_abf16_wbf16_bf16_t16x32x128x6_ks8_w1x2x1_bias0_ktail0_gm0_pft_gfx950,0.0156,0.16,83.92
gfx950,256,4,32,5120,False,torch.bfloat16,torch.bfloat16,False,False,flydsl,29,8,3.8277,flydsl_hgemm_abf16_wbf16_bf16_t16x16x128x6_ks8_w1x1x1_bias0_ktail0_gm0_pft_gfx950,0.0234,0.34,96.38
gfx950,256,8,32,5120,False,torch.bfloat16,torch.bfloat16,False,False,flydsl,29,8,4.1606,flydsl_hgemm_abf16_wbf16_bf16_t16x16x128x6_ks8_w1x1x1_bias0_ktail0_gm0_pft_gfx950,0.0312,0.63,98.57
gfx950,256,16,32,5120,False,torch.bfloat16,torch.bfloat16,False,False,flydsl,23,8,4.377,flydsl_hgemm_abf16_wbf16_bf16_t16x16x128x5_ks8_w1x1x1_bias0_ktail0_gm0_pft_gfx950,0.0215,1.2,112.53
gfx950,256,32,32,5120,False,torch.bfloat16,torch.bfloat16,False,False,flydsl,164,8,4.2694,flydsl_hgemm_abf16_wbf16_bf16_t16x32x128x4_ks8_w1x2x1_bias0_ktail0_gm0_pft_gfx950,0.0195,2.46,153.98
gfx950,256,48,32,5120,False,torch.bfloat16,torch.bfloat16,False,False,flydsl,196,8,4.2466,flydsl_hgemm_abf16_wbf16_bf16_t16x32x128x6_ks8_w1x2x1_bias0_ktail0_gm0_pft_gfx950,0.0241,3.7,193.63
gfx950,256,64,32,5120,False,torch.bfloat16,torch.bfloat16,False,False,flydsl,402,8,4.3002,flydsl_hgemm_abf16_wbf16_bf16_t16x32x64x9_ks8_w1x2x1_bias0_ktail0_gm0_pft_gfx950,0.0181,4.88,229.56
gfx950,256,80,32,5120,False,torch.bfloat16,torch.bfloat16,False,False,flydsl,402,8,4.3558,flydsl_hgemm_abf16_wbf16_bf16_t16x16x128x6_ks8_w1x1x1_bias0_ktail0_gm0_pft_gfx950,0.0203,6.02,264.47
gfx950,256,96,32,5120,False,torch.bfloat16,torch.bfloat16,False,False,flydsl,760,8,4.4314,flydsl_hgemm_abf16_wbf16_bf16_t16x32x64x8_ks8_w1x2x1_bias0_ktail0_gm0_pft_gfx950,0.0221,7.1,297.17
gfx950,256,112,32,5120,False,torch.bfloat16,torch.bfloat16,False,False,flydsl,1664,8,4.4878,flydsl_hgemm_abf16_wbf16_bf16_t32x32x64x8_ks8_w2x2x1_bias0_ktail0_gm0_pft_gfx950,0.0193,8.18,330.17
gfx950,256,128,32,5120,False,torch.bfloat16,torch.bfloat16,False,False,flydsl,1662,8,4.5378,flydsl_hgemm_abf16_wbf16_bf16_t32x32x64x8_ks8_w2x1x1_bias0_ktail0_gm0_pft_gfx950,0.0178,9.24,362.86
gfx950,256,144,32,5120,False,torch.bfloat16,torch.bfloat16,False,False,flydsl,482,8,4.6144,flydsl_hgemm_abf16_wbf16_bf16_t32x16x128x6_ks8_w2x1x1_bias0_ktail0_gm0_pft_gfx950,0.018,10.23,392.57
gfx950,256,160,32,5120,False,torch.bfloat16,torch.bfloat16,False,False,flydsl,553,8,4.637,flydsl_hgemm_abf16_wbf16_bf16_t16x32x128x5_ks8_w1x2x1_bias0_ktail0_gm0_pft_gfx950,0.0207,11.31,426.21
gfx950,256,176,32,5120,False,torch.bfloat16,torch.bfloat16,False,False,flydsl,1629,8,4.7435,flydsl_hgemm_abf16_wbf16_bf16_t32x32x64x6_ks8_w2x2x1_bias0_ktail0_gm0_pft_gfx950,0.0195,12.16,451.39
gfx950,256,192,32,5120,False,torch.bfloat16,torch.bfloat16,False,False,flydsl,1629,8,4.7586,flydsl_hgemm_abf16_wbf16_bf16_t32x32x64x6_ks8_w2x2x1_bias0_ktail0_gm0_pft_gfx950,0.0203,13.22,484.61
gfx950,256,208,32,5120,False,torch.bfloat16,torch.bfloat16,False,False,flydsl,1204,8,4.9285,flydsl_hgemm_abf16_wbf16_bf16_t32x32x128x4_ks8_w2x2x1_bias0_ktail0_gm0_pft_gfx950,0.0203,13.83,501.35
gfx950,256,224,32,5120,False,torch.bfloat16,torch.bfloat16,False,False,flydsl,1627,8,4.9141,flydsl_hgemm_abf16_wbf16_bf16_t32x32x64x6_ks8_w2x1x1_bias0_ktail0_gm0_pft_gfx950,0.0213,14.94,536.37
gfx950,256,240,32,5120,False,torch.bfloat16,torch.bfloat16,False,False,flydsl,1662,8,5.2515,flydsl_hgemm_abf16_wbf16_bf16_t32x32x64x7_ks8_w2x1x1_bias0_ktail0_gm0_pft_gfx950,0.0185,14.98,533.3
gfx950,256,256,32,5120,False,torch.bfloat16,torch.bfloat16,False,False,flydsl,1730,8,5.3182,flydsl_hgemm_abf16_wbf16_bf16_t32x32x64x9_ks8_w1x2x1_bias0_ktail0_gm0_pft_gfx950,0.0215,15.77,557.61
gfx950,256,288,32,5120,False,torch.bfloat16,torch.bfloat16,False,False,flydsl,1662,8,5.3686,flydsl_hgemm_abf16_wbf16_bf16_t32x32x64x8_ks8_w2x1x1_bias0_ktail0_gm0_pft_gfx950,0.0209,17.58,613.8
gfx950,256,320,32,5120,False,torch.bfloat16,torch.bfloat16,False,False,flydsl,1662,8,5.4758,flydsl_hgemm_abf16_wbf16_bf16_t32x32x64x7_ks8_w2x1x1_bias0_ktail0_gm0_pft_gfx950,0.0216,19.15,662.0
gfx950,256,352,32,5120,False,torch.bfloat16,torch.bfloat16,False,False,flydsl,1660,8,5.6478,flydsl_hgemm_abf16_wbf16_bf16_t32x32x64x7_ks8_w1x2x1_bias0_ktail0_gm0_pft_gfx950,0.0199,20.42,700.22
gfx950,256,384,32,5120,False,torch.bfloat16,torch.bfloat16,False,False,flydsl,1730,8,5.6908,flydsl_hgemm_abf16_wbf16_bf16_t32x32x64x9_ks8_w1x2x1_bias0_ktail0_gm0_pft_gfx950,0.0178,22.11,752.87
gfx950,256,416,32,5120,False,torch.bfloat16,torch.bfloat16,False,False,flydsl,1697,8,5.823,flydsl_hgemm_abf16_wbf16_bf16_t32x32x64x8_ks8_w2x1x1_bias0_ktail0_gm0_pft_gfx950,0.018,23.41,792.4
gfx950,256,448,32,5120,False,torch.bfloat16,torch.bfloat16,False,False,flydsl,775,8,5.8592,flydsl_hgemm_abf16_wbf16_bf16_t16x32x64x9_ks8_w1x2x1_bias0_ktail0_gm0_pft_gfx950,0.0195,25.05,843.78
gfx950,256,480,32,5120,False,torch.bfloat16,torch.bfloat16,False,False,flydsl,775,8,5.9003,flydsl_hgemm_abf16_wbf16_bf16_t16x32x64x9_ks8_w1x2x1_bias0_ktail0_gm0_pft_gfx950,0.0201,26.66,893.79
gfx950,256,512,32,5120,False,torch.bfloat16,torch.bfloat16,False,False,flydsl,553,8,6.1292,flydsl_hgemm_abf16_wbf16_bf16_t16x32x128x5_ks8_w1x2x1_bias0_ktail0_gm0_pft_gfx950,0.0194,27.37,914.2
gfx950,256,544,32,5120,False,torch.bfloat16,torch.bfloat16,False,False,flydsl,1662,8,6.2182,flydsl_hgemm_abf16_wbf16_bf16_t32x32x64x8_ks8_w2x1x1_bias0_ktail0_gm0_pft_gfx950,0.0184,28.67,954.14
gfx950,256,576,32,5120,False,torch.bfloat16,torch.bfloat16,False,False,flydsl,1662,8,6.2366,flydsl_hgemm_abf16_wbf16_bf16_t32x32x64x8_ks8_w2x1x1_bias0_ktail0_gm0_pft_gfx950,0.0183,30.26,1004.2
gfx950,256,608,32,5120,False,torch.bfloat16,torch.bfloat16,False,False,flydsl,1684,8,6.2786,flydsl_hgemm_abf16_wbf16_bf16_t32x32x64x9_ks8_w2x1x1_bias0_ktail0_gm0_pft_gfx950,0.0193,31.73,1050.0
gfx950,256,640,32,5120,False,torch.bfloat16,torch.bfloat16,False,False,flydsl,1614,8,6.3425,flydsl_hgemm_abf16_wbf16_bf16_t32x32x64x6_ks8_w2x1x1_bias0_ktail0_gm0_pft_gfx950,0.0188,33.07,1091.41
gfx950,256,672,32,5120,False,torch.bfloat16,torch.bfloat16,False,False,flydsl,1717,8,6.376,flydsl_hgemm_abf16_wbf16_bf16_t32x32x64x9_ks8_w1x2x1_bias0_ktail0_gm0_pft_gfx950,0.019,34.54,1137.39
gfx950,256,704,32,5120,False,torch.bfloat16,torch.bfloat16,False,False,flydsl,1684,8,6.4242,flydsl_hgemm_abf16_wbf16_bf16_t32x32x64x8_ks8_w2x1x1_bias0_ktail0_gm0_pft_gfx950,0.0206,35.91,1180.18
gfx950,256,736,32,5120,False,torch.bfloat16,torch.bfloat16,False,False,flydsl,1614,8,6.4546,flydsl_hgemm_abf16_wbf16_bf16_t32x32x64x6_ks8_w2x1x1_bias0_ktail0_gm0_pft_gfx950,0.0187,37.36,1225.7
gfx950,256,768,32,5120,False,torch.bfloat16,torch.bfloat16,False,False,flydsl,1614,8,6.6794,flydsl_hgemm_abf16_wbf16_bf16_t32x32x64x6_ks8_w2x1x1_bias0_ktail0_gm0_pft_gfx950,0.0188,37.68,1233.82
gfx950,256,800,32,5120,False,torch.bfloat16,torch.bfloat16,False,False,flydsl,1649,8,6.5234,flydsl_hgemm_abf16_wbf16_bf16_t32x32x64x8_ks8_w2x1x1_bias0_ktail0_gm0_pft_gfx950,0.0182,40.19,1313.87
gfx950,256,832,32,5120,False,torch.bfloat16,torch.bfloat16,False,False,flydsl,1684,8,6.5352,flydsl_hgemm_abf16_wbf16_bf16_t32x32x64x9_ks8_w2x1x1_bias0_ktail0_gm0_pft_gfx950,0.0206,41.72,1361.95
gfx950,256,864,32,5120,False,torch.bfloat16,torch.bfloat16,False,False,flydsl,1684,8,6.5894,flydsl_hgemm_abf16_wbf16_bf16_t32x32x64x9_ks8_w2x1x1_bias0_ktail0_gm0_pft_gfx950,0.0208,42.97,1400.79
gfx950,256,896,32,5120,False,torch.bfloat16,torch.bfloat16,False,False,flydsl,1649,8,6.7555,flydsl_hgemm_abf16_wbf16_bf16_t32x32x64x7_ks8_w2x1x1_bias0_ktail0_gm0_pft_gfx950,0.0215,43.46,1415.15
gfx950,256,928,32,5120,False,torch.bfloat16,torch.bfloat16,False,False,flydsl,1719,8,6.7139,flydsl_hgemm_abf16_wbf16_bf16_t32x32x64x9_ks8_w2x1x1_bias0_ktail0_gm0_pft_gfx950,0.021,45.29,1473.03
gfx950,256,960,32,5120,False,torch.bfloat16,torch.bfloat16,False,False,flydsl,1684,8,6.7329,flydsl_hgemm_abf16_wbf16_bf16_t32x32x64x8_ks8_w2x1x1_bias0_ktail0_gm0_pft_gfx950,0.0211,46.72,1517.85
gfx950,256,992,32,5120,False,torch.bfloat16,torch.bfloat16,False,False,flydsl,1612,8,6.8066,flydsl_hgemm_abf16_wbf16_bf16_t32x32x64x6_ks8_w1x2x1_bias0_ktail0_gm0_pft_gfx950,0.02,47.76,1549.86
gfx950,256,1024,32,5120,False,torch.bfloat16,torch.bfloat16,False,False,flydsl,1664,8,6.8977,flydsl_hgemm_abf16_wbf16_bf16_t32x32x64x8_ks8_w2x1x1_bias0_ktail0_gm0_pft_gfx950,0.0202,48.65,1577.19
gfx950,256,1088,32,5120,False,torch.bfloat16,torch.bfloat16,False,False,flydsl,1552,5,7.1623,flydsl_hgemm_abf16_wbf16_bf16_t32x32x64x6_ks5_w2x1x1_bias0_ktail0_gm0_pft_gfx950,0.0159,49.78,1611.0
gfx950,256,1152,32,5120,False,torch.bfloat16,torch.bfloat16,False,False,flydsl,1587,5,7.2686,flydsl_hgemm_abf16_wbf16_bf16_t32x32x64x6_ks5_w2x1x1_bias0_ktail0_gm0_pft_gfx950,0.0156,51.93,1678.16
gfx950,256,1216,32,5120,False,torch.bfloat16,torch.bfloat16,False,False,flydsl,1929,8,7.3181,flydsl_hgemm_abf16_wbf16_bf16_t48x32x64x7_ks8_w1x2x1_bias0_ktail0_gm0_pft_gfx950,0.0203,54.45,1756.92
gfx950,256,1280,32,5120,False,torch.bfloat16,torch.bfloat16,False,False,flydsl,1929,8,7.3205,flydsl_hgemm_abf16_wbf16_bf16_t48x32x64x7_ks8_w1x2x1_bias0_ktail0_gm0_pft_gfx950,0.0199,57.3,1846.43
gfx950,256,1344,32,5120,False,torch.bfloat16,torch.bfloat16,False,False,flydsl,1544,5,7.4669,flydsl_hgemm_abf16_wbf16_bf16_t32x32x64x8_ks5_w2x1x1_bias0_ktail0_gm0_pft_gfx950,0.0151,58.98,1898.55
gfx950,256,1408,32,5120,False,torch.bfloat16,torch.bfloat16,False,False,flydsl,1524,5,7.45,flydsl_hgemm_abf16_wbf16_bf16_t32x32x64x7_ks5_w2x1x1_bias0_ktail0_gm0_pft_gfx950,0.0142,61.93,1991.37
gfx950,256,1472,32,5120,False,torch.bfloat16,torch.bfloat16,False,False,flydsl,1594,5,7.5943,flydsl_hgemm_abf16_wbf16_bf16_t32x32x64x9_ks5_w2x1x1_bias0_ktail0_gm0_pft_gfx950,0.0147,63.51,2040.37
gfx950,256,1536,32,5120,False,torch.bfloat16,torch.bfloat16,False,False,flydsl,1489,5,7.6767,flydsl_hgemm_abf16_wbf16_bf16_t32x32x64x6_ks5_w2x1x1_bias0_ktail0_gm0_pft_gfx950,0.0149,65.56,2104.37
gfx950,256,1600,32,5120,False,torch.bfloat16,torch.bfloat16,False,False,flydsl,1561,5,7.7836,flydsl_hgemm_abf16_wbf16_bf16_t32x32x64x9_ks5_w2x2x1_bias0_ktail0_gm0_pft_gfx950,0.0154,67.36,2160.19
gfx950,256,1664,32,5120,False,torch.bfloat16,torch.bfloat16,False,False,flydsl,2815,8,7.9525,flydsl_hgemm_abf16_wbf16_bf16_t64x32x64x6_ks8_w4x1x1_bias0_ktail0_gm0_pft_gfx950,0.0194,68.56,2197.24
gfx950,256,1728,32,5120,False,torch.bfloat16,torch.bfloat16,False,False,flydsl,2774,8,8.1086,flydsl_hgemm_abf16_wbf16_bf16_t64x32x64x5_ks8_w2x2x1_bias0_ktail0_gm0_pft_gfx950,0.0194,69.83,2236.27
gfx950,256,1792,32,5120,False,torch.bfloat16,torch.bfloat16,False,False,flydsl,1552,4,8.2188,flydsl_hgemm_abf16_wbf16_bf16_t32x32x64x8_ks4_w2x1x1_bias0_ktail0_gm0_pft_gfx950,0.0115,71.45,2286.52
gfx950,256,1856,32,5120,False,torch.bfloat16,torch.bfloat16,False,False,flydsl,1480,4,8.2851,flydsl_hgemm_abf16_wbf16_bf16_t32x32x64x7_ks4_w1x2x1_bias0_ktail0_gm0_pft_gfx950,0.0121,73.41,2347.82
gfx950,256,1920,32,5120,False,torch.bfloat16,torch.bfloat16,False,False,flydsl,1482,4,8.3673,flydsl_hgemm_abf16_wbf16_bf16_t32x32x64x6_ks4_w2x1x1_bias0_ktail0_gm0_pft_gfx950,0.0123,75.19,2403.57
gfx950,256,1984,32,5120,False,torch.bfloat16,torch.bfloat16,False,False,flydsl,1587,4,8.3885,flydsl_hgemm_abf16_wbf16_bf16_t32x32x64x9_ks4_w2x1x1_bias0_ktail0_gm0_pft_gfx950,0.0115,77.5,2476.11
gfx950,256,2048,32,5120,False,torch.bfloat16,torch.bfloat16,False,False,flydsl,1499,4,8.4272,flydsl_hgemm_abf16_wbf16_bf16_t32x32x64x9_ks4_w2x2x1_bias0_ktail0_gm0_pft_gfx950,0.0125,79.63,2542.99
gfx950,256,4096,32,5120,False,torch.bfloat16,torch.bfloat16,False,False,flydsl,2235,4,11.8953,flydsl_hgemm_abf16_wbf16_bf16_t64x32x64x7_ks4_w2x2x1_bias0_ktail0_gm0_pft_gfx950,0.0129,112.83,3575.6
gfx950,256,6144,32,5120,False,torch.bfloat16,torch.bfloat16,False,False,flydsl,1270,2,15.4924,flydsl_hgemm_abf16_wbf16_bf16_t48x32x64x9_ks2_w1x2x1_bias0_ktail0_gm0_pft_gfx950,0.0055,129.95,4107.53
gfx950,256,8192,32,5120,False,torch.bfloat16,torch.bfloat16,False,False,flydsl,1034,1,18.0646,flydsl_hgemm_abf16_wbf16_bf16_t32x32x64x9_ks1_w2x2x1_bias0_ktail0_gm0_pft_gfx950,0.0,148.6,4690.83
gfx950,256,10240,32,5120,False,torch.bfloat16,torch.bfloat16,False,False,torch,0,0,22.0383,native,0.0,152.26,4802.58
gfx950,256,12288,32,5120,False,torch.bfloat16,torch.bfloat16,False,False,flydsl,1008,1,24.3967,flydsl_hgemm_abf16_wbf16_bf16_t48x32x256x3_ks1_w1x1x2_bias0_ktail0_gm0_pft_gfx950,0.0055,165.04,5203.3
gfx950,256,14336,32,5120,False,torch.bfloat16,torch.bfloat16,False,False,torch,0,0,27.5767,native,0.0,170.35,5368.51
gfx950,256,16384,32,5120,False,torch.bfloat16,torch.bfloat16,False,False,flydsl,1174,1,30.6999,flydsl_hgemm_abf16_wbf16_bf16_t64x32x256x3_ks1_w2x1x1_bias0_ktail0_gm4_pft_gfx950,0.0,174.88,5509.74
gfx950,256,32768,32,5120,False,torch.bfloat16,torch.bfloat16,False,False,flydsl,65,1,56.2592,flydsl_hgemm_abf16_wbf16_bf16_t128x32x128x3_ks1_w4x1x2_bias0_ktail0_gm4_pft_gfx950,0.0054,190.86,6007.36
gfx950,256,1,128,512,False,torch.bfloat16,torch.bfloat16,False,False,skinny,2,0,2.643,sol2,0.0,0.05,50.08
gfx950,256,2,128,512,False,torch.bfloat16,torch.bfloat16,False,False,skinny,2,0,2.1438,sol2,0.0,0.12,62.33
gfx950,256,4,128,512,False,torch.bfloat16,torch.bfloat16,False,False,flydsl,154,1,2.7838,flydsl_hgemm_abf16_wbf16_bf16_t16x32x64x8_ks1_w1x1x1_bias0_ktail0_gm0_pft_gfx950,0.0,0.19,48.92
gfx950,256,8,128,512,False,torch.bfloat16,torch.bfloat16,False,False,flydsl,156,1,2.7438,flydsl_hgemm_abf16_wbf16_bf16_t16x32x64x8_ks1_w1x2x1_bias0_ktail0_gm0_pft_gfx950,0.0,0.38,51.5
gfx950,256,16,128,512,False,torch.bfloat16,torch.bfloat16,False,False,flydsl,102,1,2.7251,flydsl_hgemm_abf16_wbf16_bf16_t16x32x128x5_ks1_w1x2x1_bias0_ktail0_gm0_pft_gfx950,0.0,0.77,55.61
gfx950,256,32,128,512,False,torch.bfloat16,torch.bfloat16,False,False,triton,0,0,2.8939,auto,0.0,1.45,59.45
gfx950,256,48,128,512,False,torch.bfloat16,torch.bfloat16,False,False,flydsl,54,1,3.2122,flydsl_hgemm_abf16_wbf16_bf16_t16x16x256x3_ks1_w1x1x1_bias0_ktail0_gm0_pft_gfx950,0.0,1.96,59.93
gfx950,256,64,128,512,False,torch.bfloat16,torch.bfloat16,False,False,flydsl,47,1,3.195,flydsl_hgemm_abf16_wbf16_bf16_t16x16x128x4_ks1_w1x1x1_bias0_ktail0_gm0_pft_gfx950,0.0,2.63,66.66
gfx950,256,80,128,512,False,torch.bfloat16,torch.bfloat16,False,False,flydsl,465,1,3.1917,flydsl_hgemm_abf16_wbf16_bf16_t16x16x128x4_ks1_w1x1x1_bias0_ktail0_gm0_pft_gfx950,0.0,3.29,73.15
gfx950,256,96,128,512,False,torch.bfloat16,torch.bfloat16,False,False,flydsl,465,1,3.203,flydsl_hgemm_abf16_wbf16_bf16_t16x16x128x4_ks1_w1x1x1_bias0_ktail0_gm0_pft_gfx950,0.0,3.93,79.29
gfx950,256,112,128,512,False,torch.bfloat16,torch.bfloat16,False,False,flydsl,495,1,3.2599,flydsl_hgemm_abf16_wbf16_bf16_t16x16x64x9_ks1_w1x1x1_bias0_ktail0_gm0_pft_gfx950,0.0,4.5,84.18
gfx950,256,128,128,512,False,torch.bfloat16,torch.bfloat16,False,False,flydsl,485,1,3.1906,flydsl_hgemm_abf16_wbf16_bf16_t16x16x128x4_ks1_w1x1x1_bias0_ktail0_gm0_pft_gfx950,0.0,5.26,92.43
gfx950,256,144,128,512,False,torch.bfloat16,torch.bfloat16,False,False,flydsl,47,1,3.2018,flydsl_hgemm_abf16_wbf16_bf16_t16x16x128x4_ks1_w1x1x1_bias0_ktail0_gm0_pft_gfx950,0.0,5.89,98.5
gfx950,256,160,128,512,False,torch.bfloat16,torch.bfloat16,False,False,flydsl,473,1,3.255,flydsl_hgemm_abf16_wbf16_bf16_t16x16x256x3_ks1_w1x1x2_bias0_ktail0_gm0_pft_gfx950,0.0012,6.44,103.19
gfx950,256,176,128,512,False,torch.bfloat16,torch.bfloat16,False,False,flydsl,467,1,3.2082,flydsl_hgemm_abf16_wbf16_bf16_t16x16x128x5_ks1_w1x1x1_bias0_ktail0_gm0_pft_gfx950,0.0,7.19,111.08
gfx950,256,192,128,512,False,torch.bfloat16,torch.bfloat16,False,False,flydsl,467,1,3.1874,flydsl_hgemm_abf16_wbf16_bf16_t16x16x128x5_ks1_w1x1x1_bias0_ktail0_gm0_pft_gfx950,0.0,7.9,118.23
gfx950,256,208,128,512,False,torch.bfloat16,torch.bfloat16,False,False,flydsl,465,1,3.2266,flydsl_hgemm_abf16_wbf16_bf16_t16x16x128x4_ks1_w1x1x1_bias0_ktail0_gm0_pft_gfx950,0.0,8.45,123.14
gfx950,256,224,128,512,False,torch.bfloat16,torch.bfloat16,False,False,flydsl,576,1,3.2622,flydsl_hgemm_abf16_wbf16_bf16_t16x32x64x9_ks1_w1x2x1_bias0_ktail0_gm0_pft_gfx950,0.0,9.0,128.07
gfx950,256,240,128,512,False,torch.bfloat16,torch.bfloat16,False,False,flydsl,487,1,3.2078,flydsl_hgemm_abf16_wbf16_bf16_t16x16x128x5_ks1_w1x1x1_bias0_ktail0_gm0_pft_gfx950,0.0,9.81,136.63
gfx950,256,256,128,512,False,torch.bfloat16,torch.bfloat16,False,False,flydsl,485,1,3.243,flydsl_hgemm_abf16_wbf16_bf16_t16x16x128x4_ks1_w1x1x1_bias0_ktail0_gm0_pft_gfx950,0.0,10.35,141.46
gfx950,256,288,128,512,False,torch.bfloat16,torch.bfloat16,False,False,flydsl,573,1,3.2882,flydsl_hgemm_abf16_wbf16_bf16_t16x32x64x8_ks1_w1x2x1_bias0_ktail0_gm0_pft_gfx950,0.0,11.48,151.97
gfx950,256,320,128,512,False,torch.bfloat16,torch.bfloat16,False,False,flydsl,465,1,3.2942,flydsl_hgemm_abf16_wbf16_bf16_t16x16x128x4_ks1_w1x1x1_bias0_ktail0_gm0_pft_gfx950,0.0,12.73,164.13
gfx950,256,352,128,512,False,torch.bfloat16,torch.bfloat16,False,False,flydsl,567,1,3.311,flydsl_hgemm_abf16_wbf16_bf16_t16x32x64x8_ks1_w1x2x1_bias0_ktail0_gm0_pft_gfx950,0.0,13.93,175.67
gfx950,256,384,128,512,False,torch.bfloat16,torch.bfloat16,False,False,flydsl,567,1,3.301,flydsl_hgemm_abf16_wbf16_bf16_t16x32x64x8_ks1_w1x2x1_bias0_ktail0_gm0_pft_gfx950,0.0,15.25,188.61
gfx950,256,416,128,512,False,torch.bfloat16,torch.bfloat16,False,False,flydsl,950,1,3.3858,flydsl_hgemm_abf16_wbf16_bf16_t32x16x64x8_ks1_w2x1x1_bias0_ktail0_gm0_pft_gfx950,0.0,16.1,195.98
gfx950,256,448,128,512,False,torch.bfloat16,torch.bfloat16,False,False,flydsl,567,1,3.2938,flydsl_hgemm_abf16_wbf16_bf16_t16x32x64x8_ks1_w1x2x1_bias0_ktail0_gm0_pft_gfx950,0.0,17.83,213.89
gfx950,256,480,128,512,False,torch.bfloat16,torch.bfloat16,False,False,flydsl,567,1,3.3114,flydsl_hgemm_abf16_wbf16_bf16_t16x32x64x8_ks1_w1x2x1_bias0_ktail0_gm0_pft_gfx950,0.0,19.0,225.12
gfx950,256,512,128,512,False,torch.bfloat16,torch.bfloat16,False,False,flydsl,533,1,3.3614,flydsl_hgemm_abf16_wbf16_bf16_t16x32x128x4_ks1_w1x2x1_bias0_ktail0_gm0_pft_gfx950,0.0,19.96,233.96
gfx950,256,544,128,512,False,torch.bfloat16,torch.bfloat16,False,False,flydsl,591,1,3.2966,flydsl_hgemm_abf16_wbf16_bf16_t16x32x64x9_ks1_w1x2x1_bias0_ktail0_gm0_pft_gfx950,0.0,21.63,250.98
gfx950,256,576,128,512,False,torch.bfloat16,torch.bfloat16,False,False,flydsl,537,1,3.3473,flydsl_hgemm_abf16_wbf16_bf16_t16x32x128x5_ks1_w1x2x1_bias0_ktail0_gm0_pft_gfx950,0.0,22.55,259.42
gfx950,256,608,128,512,False,torch.bfloat16,torch.bfloat16,False,False,flydsl,537,1,3.371,flydsl_hgemm_abf16_wbf16_bf16_t16x32x128x5_ks1_w1x2x1_bias0_ktail0_gm0_pft_gfx950,0.0,23.64,269.75
gfx950,256,640,128,512,False,torch.bfloat16,torch.bfloat16,False,False,flydsl,537,1,3.3546,flydsl_hgemm_abf16_wbf16_bf16_t16x32x128x5_ks1_w1x2x1_bias0_ktail0_gm0_pft_gfx950,0.0,25.01,283.27
gfx950,256,672,128,512,False,torch.bfloat16,torch.bfloat16,False,False,flydsl,588,1,3.3702,flydsl_hgemm_abf16_wbf16_bf16_t16x32x64x8_ks1_w1x2x1_bias0_ktail0_gm0_pft_gfx950,0.0,26.14,294.12
gfx950,256,704,128,512,False,torch.bfloat16,torch.bfloat16,False,False,flydsl,579,1,3.3408,flydsl_hgemm_abf16_wbf16_bf16_t16x32x64x8_ks1_w1x2x1_bias0_ktail0_gm0_pft_gfx950,0.0,27.62,308.97
gfx950,256,736,128,512,False,torch.bfloat16,torch.bfloat16,False,False,flydsl,582,1,3.3366,flydsl_hgemm_abf16_wbf16_bf16_t16x32x64x9_ks1_w1x2x1_bias0_ktail0_gm0_pft_gfx950,0.0,28.91,321.63
gfx950,256,768,128,512,False,torch.bfloat16,torch.bfloat16,False,False,flydsl,467,1,3.527,flydsl_hgemm_abf16_wbf16_bf16_t16x16x128x4_ks1_w1x1x1_bias0_ktail0_gm4_pft_gfx950,0.0,28.54,315.88
gfx950,256,800,128,512,False,torch.bfloat16,torch.bfloat16,False,False,flydsl,534,1,3.4002,flydsl_hgemm_abf16_wbf16_bf16_t16x32x128x5_ks1_w1x2x1_bias0_ktail0_gm0_pft_gfx950,0.0,30.84,339.71
gfx950,256,832,128,512,False,torch.bfloat16,torch.bfloat16,False,False,flydsl,577,1,3.5062,flydsl_hgemm_abf16_wbf16_bf16_t16x32x64x8_ks1_w1x1x1_bias0_ktail0_gm0_pft_gfx950,0.0,31.1,341.12
gfx950,256,864,128,512,False,torch.bfloat16,torch.bfloat16,False,False,flydsl,534,1,3.3738,flydsl_hgemm_abf16_wbf16_bf16_t16x32x128x5_ks1_w1x2x1_bias0_ktail0_gm0_pft_gfx950,0.0,33.57,366.65
gfx950,256,896,128,512,False,torch.bfloat16,torch.bfloat16,False,False,flydsl,530,1,3.4335,flydsl_hgemm_abf16_wbf16_bf16_t16x32x128x4_ks1_w1x2x1_bias0_ktail0_gm0_pft_gfx950,0.0,34.2,372.2
gfx950,256,928,128,512,False,torch.bfloat16,torch.bfloat16,False,False,flydsl,534,1,3.3954,flydsl_hgemm_abf16_wbf16_bf16_t16x32x128x5_ks1_w1x2x1_bias0_ktail0_gm0_pft_gfx950,0.0,35.82,388.44
gfx950,256,960,128,512,False,torch.bfloat16,torch.bfloat16,False,False,flydsl,534,1,3.4042,flydsl_hgemm_abf16_wbf16_bf16_t16x32x128x5_ks1_w1x2x1_bias0_ktail0_gm0_pft_gfx950,0.0,36.96,399.47
gfx950,256,992,128,512,False,torch.bfloat16,torch.bfloat16,False,False,flydsl,534,1,3.4306,flydsl_hgemm_abf16_wbf16_bf16_t16x32x128x5_ks1_w1x2x1_bias0_ktail0_gm0_pft_gfx950,0.0,37.9,408.33
gfx950,256,1024,128,512,False,torch.bfloat16,torch.bfloat16,False,False,flydsl,602,1,3.3863,flydsl_hgemm_abf16_wbf16_bf16_t16x32x64x8_ks1_w1x2x1_bias0_ktail0_gm0_pft_gfx950,0.0,39.64,425.77
gfx950,256,1088,128,512,False,torch.bfloat16,torch.bfloat16,False,False,flydsl,1077,1,3.6498,flydsl_hgemm_abf16_wbf16_bf16_t32x32x64x8_ks1_w2x1x1_bias0_ktail0_gm0_pft_gfx950,0.0,39.07,417.48
gfx950,256,1152,128,512,False,torch.bfloat16,torch.bfloat16,False,False,flydsl,694,1,3.6615,flydsl_hgemm_abf16_wbf16_bf16_t16x64x64x6_ks1_w1x2x1_bias0_ktail0_gm0_pft_gfx950,0.0,41.24,438.52
gfx950,256,1216,128,512,False,torch.bfloat16,torch.bfloat16,False,False,flydsl,637,1,3.7276,flydsl_hgemm_abf16_wbf16_bf16_t16x64x128x4_ks1_w1x4x1_bias0_ktail0_gm0_pft_gfx950,0.0,42.76,452.72
gfx950,256,1280,128,512,False,torch.bfloat16,torch.bfloat16,False,False,flydsl,698,1,3.6762,flydsl_hgemm_abf16_wbf16_bf16_t16x64x64x8_ks1_w1x2x1_bias0_ktail0_gm0_pft_gfx950,0.0,45.64,481.33
gfx950,256,1344,128,512,False,torch.bfloat16,torch.bfloat16,False,False,flydsl,692,1,3.6938,flydsl_hgemm_abf16_wbf16_bf16_t16x64x64x6_ks1_w1x2x1_bias0_ktail0_gm0_pft_gfx950,0.0,47.69,501.22
gfx950,256,1408,128,512,False,torch.bfloat16,torch.bfloat16,False,False,flydsl,1138,1,3.7318,flydsl_hgemm_abf16_wbf16_bf16_t32x32x64x8_ks1_w2x1x1_bias0_ktail0_gm0_pft_gfx950,0.0,49.45,518.06
gfx950,256,1472,128,512,False,torch.bfloat16,torch.bfloat16,False,False,flydsl,689,1,3.7527,flydsl_hgemm_abf16_wbf16_bf16_t16x64x64x9_ks1_w1x2x1_bias0_ktail0_gm0_pft_gfx950,0.0,51.41,537.01
gfx950,256,1536,128,512,False,torch.bfloat16,torch.bfloat16,False,False,flydsl,689,1,3.7548,flydsl_hgemm_abf16_wbf16_bf16_t16x64x64x9_ks1_w1x2x1_bias0_ktail0_gm0_pft_gfx950,0.0,53.62,558.53
gfx950,256,1600,128,512,False,torch.bfloat16,torch.bfloat16,False,False,flydsl,689,1,3.7725,flydsl_hgemm_abf16_wbf16_bf16_t16x64x64x9_ks1_w1x2x1_bias0_ktail0_gm0_pft_gfx950,0.0,55.59,577.62
gfx950,256,1664,128,512,False,torch.bfloat16,torch.bfloat16,False,False,flydsl,681,1,3.7738,flydsl_hgemm_abf16_wbf16_bf16_t16x64x64x6_ks1_w1x2x1_bias0_ktail0_gm0_pft_gfx950,0.0,57.79,599.13
gfx950,256,1728,128,512,False,torch.bfloat16,torch.bfloat16,False,False,flydsl,687,1,3.8646,flydsl_hgemm_abf16_wbf16_bf16_t16x64x64x8_ks1_w1x2x1_bias0_ktail0_gm0_pft_gfx950,0.0,58.61,606.25
gfx950,256,1792,128,512,False,torch.bfloat16,torch.bfloat16,False,False,flydsl,1129,1,3.913,flydsl_hgemm_abf16_wbf16_bf16_t32x32x64x7_ks1_w1x2x1_bias0_ktail0_gm0_pft_gfx950,0.0,60.03,619.69
gfx950,256,1856,128,512,False,torch.bfloat16,torch.bfloat16,False,False,flydsl,689,1,3.9295,flydsl_hgemm_abf16_wbf16_bf16_t16x64x64x9_ks1_w1x2x1_bias0_ktail0_gm0_pft_gfx950,0.0,61.91,637.93
gfx950,256,1920,128,512,False,torch.bfloat16,torch.bfloat16,False,False,flydsl,1126,1,4.0664,flydsl_hgemm_abf16_wbf16_bf16_t32x32x64x6_ks1_w2x2x1_bias0_ktail0_gm0_pft_gfx950,0.0,61.89,636.6
gfx950,256,1984,128,512,False,torch.bfloat16,torch.bfloat16,False,False,flydsl,689,1,4.0672,flydsl_hgemm_abf16_wbf16_bf16_t16x64x64x9_ks1_w1x2x1_bias0_ktail0_gm0_pft_gfx950,0.0,63.94,656.62
gfx950,256,2048,128,512,False,torch.bfloat16,torch.bfloat16,False,False,flydsl,1197,1,4.061,flydsl_hgemm_abf16_wbf16_bf16_t32x32x64x7_ks1_w2x1x1_bias0_ktail0_gm0_pft_gfx950,0.0,66.1,677.79
gfx950,256,4096,128,512,False,torch.bfloat16,torch.bfloat16,False,False,flydsl,1345,1,4.7457,flydsl_hgemm_abf16_wbf16_bf16_t32x64x64x6_ks1_w2x2x1_bias0_ktail0_gm0_pft_gfx950,0.0,113.13,1132.38
gfx950,256,6144,128,512,False,torch.bfloat16,torch.bfloat16,False,False,flydsl,1369,1,5.8166,flydsl_hgemm_abf16_wbf16_bf16_t48x64x128x3_ks1_w1x4x1_bias0_ktail0_gm4_pft_gfx950,0.0,138.45,1374.58
gfx950,256,8192,128,512,False,torch.bfloat16,torch.bfloat16,False,False,flydsl,1998,1,6.0395,flydsl_hgemm_abf16_wbf16_bf16_t64x64x64x4_ks1_w4x1x1_bias0_ktail0_gm0_pft_gfx950,0.0,177.79,1757.9
gfx950,256,10240,128,512,False,torch.bfloat16,torch.bfloat16,False,False,flydsl,1942,1,7.0435,flydsl_hgemm_abf16_wbf16_bf16_t96x64x64x5_ks1_w2x2x1_bias0_ktail0_gm0_pft_gfx950,0.0,190.56,1879.5
gfx950,256,12288,128,512,False,torch.bfloat16,torch.bfloat16,False,False,flydsl,854,1,7.2131,flydsl_hgemm_abf16_wbf16_bf16_t48x128x128x3_ks1_w1x4x1_bias0_ktail0_gm0_pft_gfx950,0.0,223.29,2198.74
gfx950,256,14336,128,512,False,torch.bfloat16,torch.bfloat16,False,False,flydsl,986,1,7.61,flydsl_hgemm_abf16_wbf16_bf16_t64x128x64x4_ks1_w2x4x1_bias0_ktail0_gm0_pft_gfx950,0.0,246.92,2428.54
gfx950,256,16384,128,512,False,torch.bfloat16,torch.bfloat16,False,False,flydsl,315,1,8.1032,flydsl_hgemm_abf16_wbf16_bf16_t128x64x64x4_ks1_w4x1x1_bias0_ktail0_gm4_pft_gfx950,0.0,265.02,2604.23
gfx950,256,32768,128,512,False,torch.bfloat16,torch.bfloat16,False,False,torch,0,0,10.7521,native,0.0,399.45,3913.11
gfx950,256,1,1024,5120,False,torch.bfloat16,torch.float32,False,False,asm,1,6,11.4605,_ZN5aiter39bf16gemm_fp32bf16_tn_32x64_splitk_cleanE,0.0,0.91,916.02
gfx950,256,2,1024,5120,False,torch.bfloat16,torch.float32,False,False,asm,1,6,11.3041,_ZN5aiter39bf16gemm_fp32bf16_tn_32x64_splitk_cleanE,0.0,1.86,929.78
gfx950,256,4,1024,5120,False,torch.bfloat16,torch.float32,False,False,asm,1,6,11.3126,_ZN5aiter39bf16gemm_fp32bf16_tn_32x64_splitk_cleanE,0.0,3.71,931.25
gfx950,256,6,1024,5120,False,torch.bfloat16,torch.float32,False,False,asm,1,7,11.3455,_ZN5aiter39bf16gemm_fp32bf16_tn_32x64_splitk_cleanE,0.0,5.55,930.72
gfx950,256,8,1024,5120,False,torch.bfloat16,torch.float32,False,False,asm,1,5,11.512,_ZN5aiter39bf16gemm_fp32bf16_tn_32x64_splitk_cleanE,0.0,7.29,919.39
gfx950,256,12,1024,5120,False,torch.bfloat16,torch.float32,False,False,asm,1,5,11.4806,_ZN5aiter39bf16gemm_fp32bf16_tn_32x64_splitk_cleanE,0.0,10.96,926.19
gfx950,256,16,1024,5120,False,torch.bfloat16,torch.float32,False,False,asm,1,6,11.4153,_ZN5aiter39bf16gemm_fp32bf16_tn_32x64_splitk_cleanE,0.0,14.7,935.79
gfx950,256,24,1024,5120,False,torch.bfloat16,torch.float32,False,False,asm,1,6,11.6227,_ZN5aiter39bf16gemm_fp32bf16_tn_32x64_splitk_cleanE,0.0,21.65,927.55
gfx950,256,32,1024,5120,False,torch.bfloat16,torch.float32,False,False,asm,1,6,11.5704,_ZN5aiter39bf16gemm_fp32bf16_tn_32x64_splitk_cleanE,0.0,29.0,940.24
gfx950,256,48,1024,5120,False,torch.bfloat16,torch.float32,False,False,asm,1,5,11.6187,_ZN5aiter39bf16gemm_fp32bf16_tn_32x64_splitk_cleanE,0.0,43.32,953.26
gfx950,256,64,1024,5120,False,torch.bfloat16,torch.float32,False,False,asm,1,7,11.9077,_ZN5aiter39bf16gemm_fp32bf16_tn_32x64_splitk_cleanE,0.0,56.36,946.63
gfx950,256,96,1024,5120,False,torch.bfloat16,torch.float32,False,False,asm,1,5,11.9062,_ZN5aiter39bf16gemm_fp32bf16_tn_32x64_splitk_cleanE,0.0,84.55,979.78
gfx950,256,128,1024,5120,False,torch.bfloat16,torch.float32,False,False,asm,3,5,12.0612,_ZN5aiter39bf16gemm_fp32bf16_tn_48x64_splitk_cleanE,0.0,111.28,999.79
gfx950,256,192,1024,5120,False,torch.bfloat16,torch.float32,False,False,asm,5,5,12.5933,_ZN5aiter39bf16gemm_fp32bf16_tn_64x64_splitk_cleanE,0.0,159.87,1019.99
gfx950,256,256,1024,5120,False,torch.bfloat16,torch.float32,False,False,asm,8,5,15.92,_ZN5aiter39bf16gemm_fp32bf16_tn_96x64_splitk_cleanE,0.0,168.62,856.25
gfx950,256,288,1024,5120,False,torch.bfloat16,torch.float32,False,False,asm,5,3,16.3662,_ZN5aiter39bf16gemm_fp32bf16_tn_64x64_splitk_cleanE,0.0,184.52,856.93
gfx950,256,384,1024,5120,False,torch.bfloat16,torch.float32,False,False,asm,8,4,18.1796,_ZN5aiter39bf16gemm_fp32bf16_tn_96x64_splitk_cleanE,0.0,221.49,836.34
gfx950,256,512,1024,5120,False,torch.bfloat16,torch.float32,False,False,asm,5,2,22.3187,_ZN5aiter39bf16gemm_fp32bf16_tn_64x64_splitk_cleanE,0.0,240.55,751.71
gfx950,256,768,1024,5120,False,torch.bfloat16,torch.float32,False,False,asm,8,2,26.9206,_ZN5aiter39bf16gemm_fp32bf16_tn_96x64_splitk_cleanE,0.0,299.14,740.06
gfx950,256,1024,1024,5120,False,torch.bfloat16,torch.float32,False,False,asm,6,1,34.1862,_ZN5aiter37bf16gemm_fp32bf16_tn_64x64_pf3_splitkE,0.0,314.09,674.79
gfx950,256,1536,1024,5120,False,torch.bfloat16,torch.float32,False,False,asm,9,1,39.8045,_ZN5aiter37bf16gemm_fp32bf16_tn_96x64_pf3_splitkE,0.0,404.63,737.61
gfx950,256,2048,1024,5120,False,torch.bfloat16,torch.float32,False,False,opus,1404,0,51.4963,opus_gemm_mono_tile_512x64x128x64_2x4_16x16x32_0x0x0_nooob,0.0,417.02,692.31
gfx950,256,4096,1024,5120,False,torch.bfloat16,torch.float32,False,False,opus,6403,0,61.5786,opus_gemm_mono_tile_512x128x128x64_2x4_16x16x32_0x0x0_nooob_4g_safe,0.0,697.48,987.64
gfx950,256,8192,1024,5120,False,torch.bfloat16,torch.float32,False,False,opus,1401,0,88.734,opus_gemm_mono_tile_512x128x256x64_2x4_16x16x32_0x0x0_nooob,0.0,968.05,1252.61
gfx950,256,16384,1024,5120,False,torch.bfloat16,torch.float32,False,False,opus,312,0,141.2516,opus_gemm_persistent_512x256x256x64_2x4_16x16x32_0x0x0_cA0cB0,0.0,1216.26,1499.54
gfx950,256,1,32320,5120,False,torch.bfloat16,torch.bfloat16,False,False,flydsl,187,1,53.5648,flydsl_hgemm_abf16_wbf16_bf16_t16x64x64x9_ks1_w1x2x1_bias0_ktail0_gm0_pft_gfx950,0.0,6.18,6180.02
gfx950,256,2,32320,5120,False,torch.bfloat16,torch.bfloat16,False,False,torch,0,0,53.2414,native,0.0,12.43,6218.97
gfx950,256,4,32320,5120,False,torch.bfloat16,torch.bfloat16,False,False,flydsl,115,1,54.2639,flydsl_hgemm_abf16_wbf16_bf16_t16x32x64x9_ks1_w1x2x1_bias0_ktail0_gm0_pft_gfx950,0.0,24.4,6104.54
gfx950,256,8,32320,5120,False,torch.bfloat16,torch.bfloat16,False,False,torch,0,0,54.6791,native,0.0,48.42,6063.67
gfx950,256,16,32320,5120,False,torch.bfloat16,torch.bfloat16,False,False,flydsl,8,1,54.6266,flydsl_hgemm_abf16_wbf16_bf16_t16x128x128x3_ks1_w1x4x1_bias0_ktail0_gm0_pft_gfx950,0.0,96.94,6080.46
gfx950,256,32,32320,5120,False,torch.bfloat16,torch.bfloat16,False,False,flydsl,128,1,55.7109,flydsl_hgemm_abf16_wbf16_bf16_t32x128x128x3_ks1_w1x4x2_bias0_ktail0_gm0_pft_gfx950,0.0054,190.1,5983.62
gfx950,256,48,32320,5120,False,torch.bfloat16,torch.bfloat16,False,False,flydsl,461,1,57.164,flydsl_hgemm_abf16_wbf16_bf16_t64x128x128x3_ks1_w2x4x1_bias0_ktail0_gm0_pft_gfx950,0.0,277.9,5852.48
gfx950,256,64,32320,5120,False,torch.bfloat16,torch.bfloat16,False,False,flydsl,369,1,58.1616,flydsl_hgemm_abf16_wbf16_bf16_t64x128x128x3_ks1_w2x2x2_bias0_ktail0_gm0_pft_gfx950,0.0053,364.18,5772.69
gfx950,256,80,32320,5120,False,torch.bfloat16,torch.bfloat16,False,False,torch,0,0,59.9869,native,0.0,441.37,5617.01
gfx950,256,96,32320,5120,False,torch.bfloat16,torch.bfloat16,False,False,flydsl,4,1,65.5652,flydsl_hgemm_abf16_wbf16_bf16_t128x128x128x2_ks1_w2x4x1_bias0_ktail0_gm0_pht_gfx950,0.0,484.58,5157.39
gfx950,256,112,32320,5120,False,torch.bfloat16,torch.bfloat16,False,False,flydsl,1,1,68.8229,flydsl_hgemm_abf16_wbf16_bf16_t128x128x128x2_ks1_w2x2x1_bias0_ktail0_gm0_pht_gfx950,0.0,538.59,4930.68
gfx950,256,128,32320,5120,False,torch.bfloat16,torch.bfloat16,False,False,flydsl,4,1,70.1556,flydsl_hgemm_abf16_wbf16_bf16_t128x128x128x2_ks1_w2x4x1_bias0_ktail0_gm0_pht_gfx950,0.0,603.84,4854.09
gfx950,256,144,32320,5120,False,torch.bfloat16,torch.bfloat16,False,False,torch,0,0,73.3797,native,0.0,649.47,4657.14
gfx950,256,160,32320,5120,False,torch.bfloat16,torch.bfloat16,False,False,torch,0,0,75.2834,native,0.0,703.38,4555.29
gfx950,256,176,32320,5120,False,torch.bfloat16,torch.bfloat16,False,False,torch,0,0,87.4774,native,0.0,665.87,3934.0
gfx950,256,192,32320,5120,False,torch.bfloat16,torch.bfloat16,False,False,torch,0,0,88.0023,native,0.0,722.07,3924.14
gfx950,256,208,32320,5120,False,torch.bfloat16,torch.bfloat16,False,False,torch,0,0,82.5931,native,0.0,833.47,4195.65
gfx950,256,224,32320,5120,False,torch.bfloat16,torch.bfloat16,False,False,torch,0,0,85.9586,native,0.0,862.44,4045.32
gfx950,256,240,32320,5120,False,torch.bfloat16,torch.bfloat16,False,False,torch,0,0,97.0092,native,0.0,818.78,3596.85
gfx950,256,256,32320,5120,False,torch.bfloat16,torch.bfloat16,False,False,torch,0,0,97.5478,native,0.0,868.55,3589.28
gfx950,256,288,32320,5120,False,torch.bfloat16,torch.bfloat16,False,False,torch,0,0,109.9335,native,0.0,867.03,3206.69
gfx950,256,320,32320,5120,False,torch.bfloat16,torch.bfloat16,False,False,torch,0,0,106.4913,native,0.0,994.51,3332.84
gfx950,256,352,32320,5120,False,torch.bfloat16,torch.bfloat16,False,False,torch,0,0,121.9434,native,0.0,955.33,2930.17
gfx950,256,384,32320,5120,False,torch.bfloat16,torch.bfloat16,False,False,torch,0,0,118.3804,native,0.0,1073.55,3038.6
gfx950,256,416,32320,5120,False,torch.bfloat16,torch.bfloat16,False,False,flydsl,41,1,135.8811,flydsl_hgemm_abf16_wbf16_bf16_t256x256x64x2_ks1_w2x4x1_bias0_ktail0_gm0_pht_gfx950,0.0,1013.22,2664.88
gfx950,256,448,32320,5120,False,torch.bfloat16,torch.bfloat16,False,False,torch,0,0,126.17,native,0.0,1175.15,2888.98
gfx950,256,480,32320,5120,False,torch.bfloat16,torch.bfloat16,False,False,flydsl,41,1,146.5565,flydsl_hgemm_abf16_wbf16_bf16_t256x256x64x2_ks1_w2x4x1_bias0_ktail0_gm0_pht_gfx950,0.0,1083.95,2503.47
gfx950,256,512,32320,5120,False,torch.bfloat16,torch.bfloat16,False,False,flydsl,41,1,141.1535,flydsl_hgemm_abf16_wbf16_bf16_t256x256x64x2_ks1_w2x4x1_bias0_ktail0_gm0_pht_gfx950,0.0,1200.47,2616.27
gfx950,256,544,32320,5120,False,torch.bfloat16,torch.bfloat16,False,False,torch,0,0,181.0738,native,0.0,994.29,2052.71
gfx950,256,576,32320,5120,False,torch.bfloat16,torch.bfloat16,False,False,torch,0,0,174.107,native,0.0,1094.91,2148.61
gfx950,256,608,32320,5120,False,torch.bfloat16,torch.bfloat16,False,False,torch,0,0,189.6008,native,0.0,1061.29,1985.67
gfx950,256,640,32320,5120,False,torch.bfloat16,torch.bfloat16,False,False,torch,0,0,195.2692,native,0.0,1084.72,1940.3
gfx950,256,672,32320,5120,False,torch.bfloat16,torch.bfloat16,False,False,torch,0,0,195.0068,native,0.0,1140.49,1955.19
gfx950,256,704,32320,5120,False,torch.bfloat16,torch.bfloat16,False,False,torch,0,0,222.2063,native,0.0,1048.55,1726.65
gfx950,256,736,32320,5120,False,torch.bfloat16,torch.bfloat16,False,False,torch,0,0,211.5594,native,0.0,1151.38,1824.87
gfx950,256,768,32320,5120,False,torch.bfloat16,torch.bfloat16,False,False,torch,0,0,217.9356,native,0.0,1166.28,1782.47
gfx950,256,800,32320,5120,False,torch.bfloat16,torch.bfloat16,False,False,torch,0,0,254.5379,native,0.0,1040.18,1535.57
gfx950,256,832,32320,5120,False,torch.bfloat16,torch.bfloat16,False,False,torch,0,0,251.8981,native,0.0,1093.12,1561.17
gfx950,256,864,32320,5120,False,torch.bfloat16,torch.bfloat16,False,False,torch,0,0,242.7066,native,0.0,1178.16,1630.17
gfx950,256,896,32320,5120,False,torch.bfloat16,torch.bfloat16,False,False,torch,0,0,246.6192,native,0.0,1202.41,1614.02
gfx950,256,928,32320,5120,False,torch.bfloat16,torch.bfloat16,False,False,flydsl,75,1,268.3735,flydsl_hgemm_abf16_wbf16_bf16_t256x256x64x2_ks1_w2x4x1_bias0_ktail0_gm0_pht_gfx950,0.0,1144.4,1492.12
gfx950,256,960,32320,5120,False,torch.bfloat16,torch.bfloat16,False,False,flydsl,75,1,270.017,flydsl_hgemm_abf16_wbf16_bf16_t256x256x64x2_ks1_w2x4x1_bias0_ktail0_gm0_pht_gfx950,0.0,1176.66,1491.91
gfx950,256,992,32320,5120,False,torch.bfloat16,torch.bfloat16,False,False,torch,0,0,254.7304,native,0.0,1288.85,1590.85
gfx950,256,1024,32320,5120,False,torch.bfloat16,torch.bfloat16,False,False,torch,0,0,252.1347,native,0.0,1344.12,1616.73
gfx950,256,1088,32320,5120,False,torch.bfloat16,torch.bfloat16,False,False,torch,0,0,316.5419,native,0.0,1137.55,1302.91
gfx950,256,1152,32320,5120,False,torch.bfloat16,torch.bfloat16,False,False,torch,0,0,311.2341,native,0.0,1225.0,1340.53
gfx950,256,1216,32320,5120,False,torch.bfloat16,torch.bfloat16,False,False,flydsl,41,1,364.6686,flydsl_hgemm_abf16_wbf16_bf16_t256x256x64x2_ks1_w2x4x1_bias0_ktail0_gm0_pht_gfx950,0.0,1103.59,1157.24
gfx950,256,1280,32320,5120,False,torch.bfloat16,torch.bfloat16,False,False,torch,0,0,345.3252,native,0.0,1226.74,1235.95
gfx950,256,1344,32320,5120,False,torch.bfloat16,torch.bfloat16,False,False,torch,0,0,347.793,native,0.0,1278.94,1240.96
gfx950,256,1408,32320,5120,False,torch.bfloat16,torch.bfloat16,False,False,torch,0,0,419.3344,native,0.0,1111.25,1040.67
gfx950,256,1472,32320,5120,False,torch.bfloat16,torch.bfloat16,False,False,torch,0,0,368.565,native,0.0,1321.8,1197.02
gfx950,256,1536,32320,5120,False,torch.bfloat16,torch.bfloat16,False,False,torch,0,0,363.8137,native,0.0,1397.28,1225.83
gfx950,256,1600,32320,5120,False,torch.bfloat16,torch.bfloat16,False,False,torch,0,0,502.6321,native,0.0,1053.52,896.81
gfx950,256,1664,32320,5120,False,torch.bfloat16,torch.bfloat16,False,False,torch,0,0,488.1044,native,0.0,1128.27,933.32
gfx950,256,1728,32320,5120,False,torch.bfloat16,torch.bfloat16,False,False,torch,0,0,453.0846,native,0.0,1262.22,1016.03
gfx950,256,1792,32320,5120,False,torch.bfloat16,torch.bfloat16,False,False,torch,0,0,461.2536,native,0.0,1285.79,1008.43
gfx950,256,1856,32320,5120,False,torch.bfloat16,torch.bfloat16,False,False,torch,0,0,556.5318,native,0.0,1103.72,844.4
gfx950,256,1920,32320,5120,False,torch.bfloat16,torch.bfloat16,False,False,torch,0,0,556.4617,native,0.0,1141.92,853.12
gfx950,256,1984,32320,5120,False,torch.bfloat16,torch.bfloat16,False,False,torch,0,0,473.4698,native,0.0,1386.82,1012.78
gfx950,256,2048,32320,5120,False,torch.bfloat16,torch.bfloat16,False,False,flydsl,83,1,461.1483,flydsl_hgemm_abf16_wbf16_bf16_t256x256x64x2_ks1_w2x4x1_bias0_ktail0_gm4_pht_gfx950,0.0,1469.81,1050.23
gfx950,256,4096,32320,5120,False,torch.bfloat16,torch.bfloat16,False,False,flydsl,1,1,910.5759,flydsl_hgemm_abf16_wbf16_bf16_t256x256x64x2_ks1_w2x4x1_bias0_ktail0_gm4_pht_gfx950,0.0,1488.73,700.29
gfx950,256,6144,32320,5120,False,torch.bfloat16,torch.bfloat16,False,False,flydsl,1,1,1371.1079,flydsl_hgemm_abf16_wbf16_bf16_t256x256x64x2_ks1_w2x4x1_bias0_ktail0_gm4_pht_gfx950,0.0,1483.03,576.92
gfx950,256,8192,32320,5120,False,torch.bfloat16,torch.bfloat16,False,False,flydsl,1,1,1802.81,flydsl_hgemm_abf16_wbf16_bf16_t256x256x64x2_ks1_w2x4x1_bias0_ktail0_gm4_pht_gfx950,0.0,1503.87,523.83
gfx950,256,10240,32320,5120,False,torch.bfloat16,torch.bfloat16,False,False,torch,0,0,2413.713,native,0.0,1404.06,454.79
gfx950,256,12288,32320,5120,False,torch.bfloat16,torch.bfloat16,False,False,flydsl,1,1,2684.2733,flydsl_hgemm_abf16_wbf16_bf16_t256x256x64x2_ks1_w2x4x1_bias0_ktail0_gm4_pht_gfx950,0.0,1515.05,466.08
gfx950,256,14336,32320,5120,False,torch.bfloat16,torch.bfloat16,False,False,torch,0,0,3222.8761,native,0.0,1472.16,435.77
gfx950,256,16384,32320,5120,False,torch.bfloat16,torch.bfloat16,False,False,flydsl,1,1,3567.6055,flydsl_hgemm_abf16_wbf16_bf16_t256x256x64x2_ks1_w2x4x1_bias0_ktail0_gm4_pht_gfx950,0.0,1519.9,436.65
gfx950,256,32768,32320,5120,False,torch.bfloat16,torch.bfloat16,False,False,torch,0,0,7694.8109,native,0.0,1409.36,361.88
